roi_id,score,intensity_score,attention_score,num_nodes,num_edges,x,y,z
ROI_1,0.6592250019311905,0.318450003862381,1.0,1,0,1083.0,388.0,84.0
ROI_2,0.411812499165535,0.32362499833106995,0.5,2,2,616.0,371.0,80.0
ROI_3,0.3428273946046829,0.25708332657814026,0.4285714626312256,3,4,653.0,310.0,73.0
ROI_4,0.32,0.25,0.39,2,3,950.0,450.0,90.0
