roi_id,score,intensity_score,attention_score,num_nodes,num_edges,x,y,z
ROI_1,0.7355500012636185,0.47110000252723694,1.0,1,0,340.0,128.0,28.0
ROI_2,0.6657499969005585,0.33149999380111694,1.0,1,0,820.0,286.0,88.0
ROI_3,0.6508499979972839,0.30169999599456787,1.0,1,0,676.0,435.0,86.0
ROI_4,0.420912504196167,0.341825008392334,0.5,2,2,90.0,10.0,153.0
