roi_id,score_category,pred_score
ROI_1,High,0.7355500012636185
ROI_2,High,0.6657499969005585
ROI_3,High,0.6508499979972839
ROI_4,Medium,0.420912504196167
