roi_id,score_category,pred_score
ROI_1,High,0.6608999967575073
ROI_2,High,0.6403499990701675
ROI_3,High,0.6221249997615814
ROI_4,High,0.5595999993383884
