roi_id,score_category,pred_score
ROI_1,High,0.7525500059127808
ROI_2,High,0.738999992609024
ROI_3,High,0.7381249964237213
ROI_4,High,0.7311750054359436
